,seq,expvalue,computed,ratios
1,GTTCGGTCTA        ,1.145950e+06,906773.0406218768,1.2637671706848415
2,CCAAAACCAA        ,1.668154e+06,872073.3432558671,1.9128597530248808
3,AAACCACACA        ,1.809459e+06,2052739.613893914,0.8814849130170843
4,ACCAAACCAC        ,2.167675e+06,8062089.971462031,0.2688725885810103
5,ACACCAAACC        ,2.178513e+06,1619335.7426399547,1.3453127369673414
6,AAAAACCCAC        ,2.364640e+06,4773006.887358356,0.49541935635226403
7,CAACACCCAA        ,2.511513e+06,1237754.407824178,2.029088310349817
8,AAACCCACCA        ,2.527035e+06,2693177.319089519,0.9383099219231185
9,ACAACACCAC        ,2.559279e+06,9082929.451983508,0.28176801477205254
10,CAAAACCCCA        ,2.651666e+06,2636526.2852698625,1.0057422961472913
11,AACCAACACC        ,2.655670e+06,2437835.0018211594,1.0893559236027497
12,CAACACAACC        ,2.695608e+06,1282530.1089131641,2.1017892533410385
13,ACCAACACCA        ,2.765864e+06,2424509.3726068647,1.140793280178623
14,CCACCAACAA        ,2.825047e+06,2319907.322027278,1.2177413180157988
15,ACACACACAC        ,3.843880e+06,1382657.5786988726,2.7800664887811344
16,AACCACCACA        ,3.865948e+06,2132134.9136992483,1.8131816965055887
17,CAACCAACCA        ,3.960894e+06,2918604.950275715,1.3571189206767507
18,ACACACACCA        ,4.159347e+06,1220058.348854322,3.4091377710793704
19,CCCCACACAA        ,5.448523e+06,935003.0341001425,5.827278416528049
20,ACACCACCAC        ,5.613147e+06,2058232.3512842136,2.7271687749430877
21,GCTGTTCGGTCTAT    ,1.042173e+06,645281.6945723473,1.6150667356071329
22,ACCAAACCACCAAC    ,1.186657e+06,704190.5237275234,1.6851362806170909
23,CAACACCAAACAAC    ,1.779672e+06,478071.225461395,3.7226084842952156
24,CAAAACCCCAACAC    ,1.831343e+06,1698522.8956906844,1.0781974176776143
25,AAACCCACCACACA    ,1.892296e+06,488606.9744452262,3.872838700570227
26,CAACACCCAAACAC    ,2.124654e+06,678364.6483715808,3.1320234701207488
27,CCAAAACCAACAAC    ,2.304253e+06,619135.8893136771,3.7217241639057694
28,AAAAACCCACCCAA    ,2.433452e+06,1299034.7098929805,1.8732771199011897
29,AAACCACCCAACAC    ,2.745623e+06,900053.6345652366,3.0505104302214727
30,CCCAAACCCAACCA    ,2.975581e+06,778834.5325014511,3.820556069134564
31,ACCAACACCAACCA    ,3.186916e+06,1203910.4164995379,2.647137159313069
32,CAACAACACCACCA    ,3.242444e+06,1541025.9438083454,2.1040813835923693
33,AACCAACACCACCA    ,3.629903e+06,1090672.1593247415,3.328133911703908
34,AACCACCACAAACC    ,3.659749e+06,1869168.8260082067,1.9579552949295398
35,CAACACAACCAACC    ,3.763039e+06,550322.9109772132,6.837874500478163
36,CACCACAACCACCA    ,3.805400e+06,767154.8801077883,4.960406429879357
37,CCCCACACAACAAC    ,3.961922e+06,570624.0309138194,6.943139064184213
38,CCACCAACAACAAC    ,4.062258e+06,926881.2315818737,4.382716859059812
39,ACACACACCACACA    ,4.442077e+06,520775.0535603343,8.529742293973696
40,CACACACACACACA    ,4.818114e+06,1667975.82856599,2.888599413423323
41,ACCAACCAACCAAC    ,5.208461e+06,1196230.470742457,4.354061468411933
